codestr;producto;descripcion
Maurice;Joppich;mjoppich0@auda.org.au
Vivianne;Dooher;vdooher1@discuz.net
Sheila;Gilhooley;sgilhooley2@mtv.com
Hollis;Peaseman;hpeaseman3@unc.edu
Brinn;Mulvihill;bmulvihill4@upenn.edu
Ashlee;Aikenhead;aaikenhead5@1688.com
Jess;Gentil;jgentil6@yandex.ru
Jody;Barron;jbarron7@mozilla.org
Carlin;Maypole;cmaypole8@java.com
Benjy;Figgess;bfiggess9@answers.com
Delora;Lawerence;dlawerencea@illinois.edu
Lucita;Strode;lstrodeb@issuu.com
Lynnelle;McKeowon;lmckeowonc@pcworld.com
Isaak;Hustler;ihustlerd@cbslocal.com
Raynard;Seldner;rseldnere@uol.com.br
Holly-anne;Stroulger;hstroulgerf@hugedomains.com
Laurianne;Wards;lwardsg@pinterest.com
Daron;Peatman;dpeatmanh@cafepress.com
Vinita;Paty;vpatyi@cornell.edu
Aretha;Gon;agonj@baidu.com
Rozelle;Airey;raireyk@nytimes.com
Tana;Wims;twimsl@deliciousdays.com
Beryl;Kyme;bkymem@engadget.com
Kirsten;Whightman;kwhightmann@gmpg.org
Evelin;Eastam;eeastamo@zdnet.com
Maxie;Arnli;marnlip@ameblo.jp
Steward;Demageard;sdemageardq@umn.edu
Foster;Pappi;fpappir@microsoft.com
Faina;Medd;fmedds@phpbb.com
Maggie;Ramalho;mramalhot@psu.edu
Bambie;MacKeever;bmackeeveru@npr.org
Emelina;Fannon;efannonv@goo.ne.jp
Rutherford;Worlock;rworlockw@sciencedirect.com
Huntley;Fernant;hfernantx@ow.ly
Britt;Coleford;bcolefordy@harvard.edu
Roseann;Sprake;rsprakez@facebook.com
Mario;Stiller;mstiller10@cyberchimps.com
Audrie;Lafflina;alafflina11@disqus.com
Maury;Beevis;mbeevis12@ft.com
Fayre;Jelk;fjelk13@ovh.net
Karlie;D'Abbot-Doyle;kdabbotdoyle14@hostgator.com
Misha;Duplock;mduplock15@senate.gov
Marion;Maidens;mmaidens16@wordpress.com
Etheline;Yanin;eyanin17@e-recht24.de
Carmine;Pfaffel;cpfaffel18@mapy.cz
Audie;Dorro;adorro19@ycombinator.com
Hendrik;Cregin;hcregin1a@homestead.com
Mona;Hearons;mhearons1b@dailymail.co.uk
Lidia;Waddicor;lwaddicor1c@wired.com
Orelie;Bedo;obedo1d@acquirethisname.com
Simeon;McGuffie;smcguffie1e@columbia.edu
Camella;Stallybrass;cstallybrass1f@yellowpages.com
Garner;Parbrook;gparbrook1g@chron.com
Oates;Cooley;ocooley1h@unblog.fr
Andria;Jeromson;ajeromson1i@4shared.com
Haydon;Pellissier;hpellissier1j@shutterfly.com
Shandie;Dmtrovic;sdmtrovic1k@illinois.edu
Petronia;Vaud;pvaud1l@privacy.gov.au
Reggis;Siegertsz;rsiegertsz1m@csmonitor.com
Jade;Seabright;jseabright1n@devhub.com
Raul;Giorgione;rgiorgione1o@behance.net
Wolfie;Emmot;wemmot1p@mashable.com
Reginauld;McVity;rmcvity1q@statcounter.com
Jule;Greenhill;jgreenhill1r@comsenz.com
Mariel;Puddle;mpuddle1s@sfgate.com
Queenie;Baglan;qbaglan1t@hugedomains.com
Gard;Isherwood;gisherwood1u@bravesites.com
Kendal;Mourant;kmourant1v@bloomberg.com
Anderea;O'Dee;aodee1w@sitemeter.com
Zia;Kearley;zkearley1x@jigsy.com
Dunstan;Overshott;dovershott1y@thetimes.co.uk
Cyndia;Viggers;cviggers1z@facebook.com
Lannie;Rodolf;lrodolf20@addtoany.com
Phaedra;Jiggle;pjiggle21@linkedin.com
Caye;Bris;cbris22@qq.com
Joela;Gladeche;jgladeche23@histats.com
Halsy;Shutle;hshutle24@jiathis.com
Jerrine;Loveday;jloveday25@huffingtonpost.com
Alick;Davidge;adavidge26@psu.edu
Laughton;McGilben;lmcgilben27@yandex.ru
Lavena;O'Doghesty;lodoghesty28@nyu.edu
Elspeth;Robertis;erobertis29@hatena.ne.jp
Carlin;Cosins;ccosins2a@nifty.com
Evyn;Harrie;eharrie2b@oaic.gov.au
Gerrie;Tesimon;gtesimon2c@mapy.cz
Brandon;Kimblin;bkimblin2d@ucla.edu
Torrin;Tanswill;ttanswill2e@unblog.fr
Salim;Snelling;ssnelling2f@qq.com
Heidi;Oakeshott;hoakeshott2g@4shared.com
Ossie;Tie;otie2h@fotki.com
Sallie;Armfirld;sarmfirld2i@arizona.edu
Cordey;Giddings;cgiddings2j@mediafire.com
Star;Ledson;sledson2k@engadget.com
Chloris;Fruen;cfruen2l@auda.org.au
Myrna;Deppen;mdeppen2m@wp.com
Blinny;Dilke;bdilke2n@aboutads.info
Vick;Loude;vloude2o@va.gov
Maddalena;Dudenie;mdudenie2p@youtube.com
Moore;Bishop;mbishop2q@cnet.com
Urbanus;Connow;uconnow2r@ucsd.edu
Alvinia;Utley;autley2s@samsung.com
Abigail;Wrightham;awrightham2t@prweb.com
Reinhard;Kellogg;rkellogg2u@sina.com.cn
Mindy;Nunnery;mnunnery2v@kickstarter.com
Graig;Munehay;gmunehay2w@princeton.edu
Annelise;Sexten;asexten2x@t.co
Kalindi;Filyushkin;kfilyushkin2y@auda.org.au
Yehudit;Valerius;yvalerius2z@craigslist.org
Fiona;Rissom;frissom30@typepad.com
Peria;Terram;pterram31@vistaprint.com
Ashlen;Dimitru;adimitru32@usgs.gov
Kippar;Leaning;kleaning33@ameblo.jp
Fonzie;Heinicke;fheinicke34@chicagotribune.com
Tamqrah;Cawood;tcawood35@boston.com
Giffer;Shiell;gshiell36@buzzfeed.com
Bari;Bastian;bbastian37@odnoklassniki.ru
Stan;Petican;spetican38@nsw.gov.au
Shelli;Tibbotts;stibbotts39@blogspot.com
Marie-jeanne;Clericoates;mclericoates3a@ihg.com
Thibaut;Kurten;tkurten3b@berkeley.edu
Corbet;Carabet;ccarabet3c@toplist.cz
Trudi;Filippi;tfilippi3d@arizona.edu
Magdalen;Falla;mfalla3e@bbc.co.uk
Wallis;Casetti;wcasetti3f@woothemes.com
Galen;Foxhall;gfoxhall3g@mail.ru
Bordie;Yakunkin;byakunkin3h@yandex.ru
Juline;Mews;jmews3i@simplemachines.org
Thia;Beacroft;tbeacroft3j@irs.gov
Barr;Colston;bcolston3k@newyorker.com
Ora;Morena;omorena3l@ftc.gov
Roxi;Wittman;rwittman3m@tinyurl.com
Daffie;O'Carmody;docarmody3n@networkadvertising.org
Harwell;Dyson;hdyson3o@yandex.ru
Ulrick;Basson;ubasson3p@so-net.ne.jp
Janette;todor;jtodor3q@blogger.com
Liz;Edling;ledling3r@123-reg.co.uk
Clayborn;Imlen;cimlen3s@springer.com
Karleen;Ciccone;kciccone3t@sun.com
Cletis;Wackett;cwackett3u@cargocollective.com
Aarika;Brodbin;abrodbin3v@dion.ne.jp
Kimberly;Gyurko;kgyurko3w@dailymotion.com
Elbert;Sidworth;esidworth3x@amazon.co.uk
Bernardine;Skillen;bskillen3y@hubpages.com
Anne-marie;Podd;apodd3z@miitbeian.gov.cn
Livvie;Orchard;lorchard40@weather.com
Sergio;Siccombe;ssiccombe41@samsung.com
Rhys;Rey;rrey42@go.com
Beryle;Benthall;bbenthall43@posterous.com
Trudey;Meiklejohn;tmeiklejohn44@ehow.com
Agace;Ratnege;aratnege45@sitemeter.com
Merridie;Charette;mcharette46@homestead.com
Minnnie;Mohun;mmohun47@nasa.gov
Tallia;Bachman;tbachman48@facebook.com
Tabb;Yeend;tyeend49@rediff.com
Meredithe;Suston;msuston4a@phoca.cz
Eugenio;Giercke;egiercke4b@freewebs.com
Cymbre;Bewicke;cbewicke4c@buzzfeed.com
Sophia;Hedge;shedge4d@cpanel.net
Cherilyn;Sabbins;csabbins4e@flickr.com
Rolando;Hansel;rhansel4f@liveinternet.ru
Alaster;Gerty;agerty4g@ox.ac.uk
Sybilla;Cartner;scartner4h@newyorker.com
Mair;Spittle;mspittle4i@businessinsider.com
Atalanta;Mugleston;amugleston4j@hatena.ne.jp
Vinnie;Bliben;vbliben4k@hostgator.com
Brittan;Shrawley;bshrawley4l@vistaprint.com
Zolly;Aylwin;zaylwin4m@tripadvisor.com
Marlo;Gillson;mgillson4n@bluehost.com
Elden;Dabell;edabell4o@elegantthemes.com
Indira;Towne;itowne4p@marketwatch.com
Baryram;Zecchi;bzecchi4q@vinaora.com
Bernie;Solesbury;bsolesbury4r@alexa.com
Natty;Moncrefe;nmoncrefe4s@nbcnews.com
Libbey;Ellingford;lellingford4t@census.gov
Tracie;Durdle;tdurdle4u@google.es
Yorke;Balshaw;ybalshaw4v@jiathis.com
Benoit;Robottom;brobottom4w@163.com
Gwyneth;Breckenridge;gbreckenridge4x@pen.io
Guillema;Anselmi;ganselmi4y@plala.or.jp
Teri;Summerson;tsummerson4z@apache.org
Mariette;Winfindine;mwinfindine50@nifty.com
Burk;Ropars;bropars51@sourceforge.net
Felic;Puckinghorne;fpuckinghorne52@microsoft.com
Rhody;Ballingal;rballingal53@state.tx.us
Pauly;Widdup;pwiddup54@t-online.de
Easter;Joao;ejoao55@netscape.com
Chantalle;Bessent;cbessent56@oakley.com
Garv;Rubinovitsch;grubinovitsch57@youtube.com
Tannie;Bickerdyke;tbickerdyke58@marriott.com
Tommi;Abreheart;tabreheart59@homestead.com
Townie;Haycroft;thaycroft5a@thetimes.co.uk
Gabbey;Abbs;gabbs5b@noaa.gov
Berny;Standell;bstandell5c@toplist.cz
Klaus;Terbeek;kterbeek5d@phoca.cz
Drucy;Adamsen;dadamsen5e@cyberchimps.com
Ame;Flockhart;aflockhart5f@purevolume.com
Mildred;Kilmister;mkilmister5g@digg.com
Sawyer;Edmenson;sedmenson5h@bandcamp.com
Pavlov;Guerry;pguerry5i@gmpg.org
Alisander;Philippon;aphilippon5j@list-manage.com
Rosemonde;Haney;rhaney5k@bbc.co.uk
Hadrian;Cerie;hcerie5l@ning.com
Bev;Rawdales;brawdales5m@eepurl.com
Ferdie;Collaton;fcollaton5n@walmart.com
Maria;Goodridge;mgoodridge5o@state.gov
Rory;Adanet;radanet5p@flickr.com
Orland;Richel;orichel5q@google.nl
Carmencita;Heatley;cheatley5r@github.com
Sander;Duffie;sduffie5s@csmonitor.com
Chelsy;Keunemann;ckeunemann5t@jigsy.com
Maible;Lehrer;mlehrer5u@omniture.com
Charlotta;Heavy;cheavy5v@google.de
Alvan;Deinhardt;adeinhardt5w@wikimedia.org
Vittorio;Fittis;vfittis5x@guardian.co.uk
Alexis;Tregidgo;atregidgo5y@furl.net
Sollie;Carass;scarass5z@berkeley.edu
Sal;Gingold;sgingold60@narod.ru
Brianna;Guinan;bguinan61@soundcloud.com
Pietra;Spittall;pspittall62@bbc.co.uk
Seward;Lambertazzi;slambertazzi63@techcrunch.com
Rayner;Baggaley;rbaggaley64@nbcnews.com
Paulita;Huthart;phuthart65@wp.com
Josephine;Krol;jkrol66@facebook.com
Gordy;Gouldsmith;ggouldsmith67@privacy.gov.au
Darrick;Bradborne;dbradborne68@economist.com
Rab;Eddleston;reddleston69@irs.gov
Stanford;Brenard;sbrenard6a@yale.edu
Kelly;Hawtin;khawtin6b@cargocollective.com
Luciana;Kindred;lkindred6c@bigcartel.com
Courtney;McCleverty;cmccleverty6d@washington.edu
Bart;Klesel;bklesel6e@salon.com
Sky;Swanbourne;sswanbourne6f@github.io
Tiffi;Florentine;tflorentine6g@weebly.com
Goddart;Balkwill;gbalkwill6h@theglobeandmail.com
Ephrayim;Scullion;escullion6i@va.gov
Binni;Cage;bcage6j@netscape.com
Krissie;Rummins;krummins6k@etsy.com
Adan;Olliver;aolliver6l@hubpages.com
Queenie;Moyle;qmoyle6m@homestead.com
Serge;Illem;sillem6n@cisco.com
Morna;Forge;mforge6o@joomla.org
Chilton;Copper;ccopper6p@jugem.jp
Minnnie;Cauderlie;mcauderlie6q@narod.ru
Carley;Mechem;cmechem6r@answers.com
Sabina;Williment;swilliment6s@salon.com
Cybill;Kareman;ckareman6t@tuttocitta.it
Melania;Lackney;mlackney6u@merriam-webster.com
Bethina;Amies;bamies6v@barnesandnoble.com
Abigail;Leil;aleil6w@example.com
Cly;Steggals;csteggals6x@devhub.com
Tate;Brosius;tbrosius6y@bloglovin.com
Giustino;Dallinder;gdallinder6z@opensource.org
Chandler;Pilipyak;cpilipyak70@indiatimes.com
Herschel;Salamon;hsalamon71@businessweek.com
Gael;Aronin;garonin72@cbsnews.com
Antons;Avrahamov;aavrahamov73@mit.edu
Annelise;Fuzzens;afuzzens74@ovh.net
Shellysheldon;Maffeo;smaffeo75@gravatar.com
Delainey;Wykes;dwykes76@bandcamp.com
Farrell;De Ambrosi;fdeambrosi77@jimdo.com
Bunnie;Garforth;bgarforth78@google.com.hk
Trudi;Dowell;tdowell79@w3.org
Gweneth;Chene;gchene7a@europa.eu
Lindie;Walesby;lwalesby7b@timesonline.co.uk
Emelita;Laight;elaight7c@thetimes.co.uk
Fabiano;Ibbs;fibbs7d@furl.net
Hedi;Doick;hdoick7e@e-recht24.de
Ethelred;Esterbrook;eesterbrook7f@pagesperso-orange.fr
Leesa;Fetters;lfetters7g@ucsd.edu
Sybil;McDougle;smcdougle7h@samsung.com
Sloane;Francey;sfrancey7i@senate.gov
Merrielle;Skirving;mskirving7j@symantec.com
Stacy;Branton;sbranton7k@mozilla.com
Martha;Falconbridge;mfalconbridge7l@sourceforge.net
Lea;Klemencic;lklemencic7m@twitter.com
Willa;Gowling;wgowling7n@sogou.com
Cayla;Blondel;cblondel7o@time.com
Arron;Abbado;aabbado7p@yelp.com
Marleah;Southern;msouthern7q@typepad.com
Miguelita;Boar;mboar7r@alexa.com
Carry;De Miranda;cdemiranda7s@go.com
Harwell;Posner;hposner7t@google.de
Ruthy;Arnaldi;rarnaldi7u@rambler.ru
Auberon;Varns;avarns7v@globo.com
Emera;Attwill;eattwill7w@pcworld.com
Glad;Mounter;gmounter7x@noaa.gov
Hamid;Thirsk;hthirsk7y@joomla.org
Meghan;Bottjer;mbottjer7z@theatlantic.com
Milty;Boshell;mboshell80@cpanel.net
Gill;McIlwaine;gmcilwaine81@oaic.gov.au
Minna;Filde;mfilde82@addtoany.com
Alvera;Townson;atownson83@nih.gov
Klarrisa;McClurg;kmcclurg84@yellowpages.com
Cathi;Hover;chover85@technorati.com
Diane-marie;Tewelson;dtewelson86@census.gov
Clim;Tack;ctack87@mozilla.com
Lanna;Tugwell;ltugwell88@php.net
Drake;Arenson;darenson89@thetimes.co.uk
Winni;Izod;wizod8a@nba.com
Jo ann;Gwinnel;jgwinnel8b@admin.ch
Hannah;Navarijo;hnavarijo8c@de.vu
Jeremiah;Nethercott;jnethercott8d@weather.com
Dougy;Sarfas;dsarfas8e@vistaprint.com
Fons;Arnoud;farnoud8f@taobao.com
Daven;Crysell;dcrysell8g@cargocollective.com
Troy;Moutray Read;tmoutrayread8h@java.com
Kathie;Jeffcock;kjeffcock8i@creativecommons.org
Erroll;Greetland;egreetland8j@eepurl.com
Edwina;Erratt;eerratt8k@goo.ne.jp
Dolf;Fardy;dfardy8l@instagram.com
Lea;Howes;lhowes8m@addtoany.com
Claus;Mewrcik;cmewrcik8n@squarespace.com
Kermy;Greeveson;kgreeveson8o@ask.com
Abey;Spadotto;aspadotto8p@shinystat.com
Riordan;Lghan;rlghan8q@goo.gl
Floris;Sherrin;fsherrin8r@tripadvisor.com
Byrle;Alred;balred8s@apache.org
Winni;Burdin;wburdin8t@samsung.com
Friederike;Poetz;fpoetz8u@addtoany.com
Jarred;Solomon;jsolomon8v@4shared.com
Graig;Lamport;glamport8w@cpanel.net
Randy;Maitland;rmaitland8x@twitpic.com
Athena;Reardon;areardon8y@issuu.com
Loy;Kindell;lkindell8z@qq.com
Reynard;Stilliard;rstilliard90@nbcnews.com
Ambrose;Biasio;abiasio91@dagondesign.com
Deedee;Borgesio;dborgesio92@marketwatch.com
Vittorio;Krol;vkrol93@usda.gov
Sonnie;Rebert;srebert94@umich.edu
Jolyn;Beverley;jbeverley95@salon.com
Tadio;Huntington;thuntington96@issuu.com
Heinrick;Andreou;handreou97@dell.com
Katine;Joust;kjoust98@gravatar.com
Woodrow;Giacomelli;wgiacomelli99@nasa.gov
Correy;Tumioto;ctumioto9a@hubpages.com
Edith;Frankiewicz;efrankiewicz9b@comsenz.com
Margalit;Sayce;msayce9c@theglobeandmail.com
Frederico;McGilleghole;fmcgilleghole9d@elpais.com
Axel;Greathead;agreathead9e@google.co.jp
Velma;Lillo;vlillo9f@salon.com
Morgen;Biddiss;mbiddiss9g@imageshack.us
Danya;Raikes;draikes9h@forbes.com
Kane;Lambourne;klambourne9i@quantcast.com
Wandis;Justice;wjustice9j@vk.com
Sonnie;Sloane;ssloane9k@yellowbook.com
Cesaro;Duffyn;cduffyn9l@cdbaby.com
Loree;Coucher;lcoucher9m@bloglines.com
Layney;Hallam;lhallam9n@sciencedaily.com
Gran;Riddick;griddick9o@sbwire.com
Nickie;Farthing;nfarthing9p@blogs.com
Galven;Zavattiero;gzavattiero9q@imageshack.us
Jaclin;Louche;jlouche9r@un.org
Natalina;Ailmer;nailmer9s@shareasale.com
Mandi;Borleace;mborleace9t@marketwatch.com
Patricia;Smallacombe;psmallacombe9u@latimes.com
Mab;Bromage;mbromage9v@eepurl.com
Danie;Whittle;dwhittle9w@bbb.org
Fancie;Kennifick;fkennifick9x@theglobeandmail.com
Trumann;Rymell;trymell9y@amazon.com
Ronnica;Smedmore;rsmedmore9z@marketwatch.com
Crawford;Rotchell;crotchella0@google.com
Laureen;McGinny;lmcginnya1@sina.com.cn
Bart;Colliford;bcolliforda2@goo.gl
Arley;Measom;ameasoma3@salon.com
Barbette;Pohlke;bpohlkea4@eventbrite.com
Patrizio;Labone;plabonea5@issuu.com
Nertie;Phillput;nphillputa6@home.pl
Winifred;Dashwood;wdashwooda7@time.com
Glynda;Leadbeater;gleadbeatera8@craigslist.org
Victoir;Fettiplace;vfettiplacea9@webs.com
Dallas;Conerding;dconerdingaa@imageshack.us
Caren;Bonnet;cbonnetab@springer.com
Trevor;Haller;thallerac@flickr.com
Celestia;Piola;cpiolaad@un.org
Jodie;Rogger;jroggerae@fc2.com
Hank;Calfe;hcalfeaf@weather.com
Kimberlyn;Roll;krollag@hp.com
Rem;Feldstern;rfeldsternah@nature.com
Nanete;Wolfe;nwolfeai@mac.com
Oliver;Baudouin;obaudouinaj@apache.org
Ned;Frear;nfrearak@cbslocal.com
Costa;Ledingham;cledinghamal@forbes.com
Kellby;Ellington;kellingtonam@webmd.com
Kary;Filler;kfilleran@intel.com
Chic;Bonnefin;cbonnefinao@washington.edu
Dannie;Nesey;dneseyap@posterous.com
Egor;Bromley;ebromleyaq@fc2.com
Polly;Houselee;phouseleear@bbc.co.uk
Jeralee;Kopje;jkopjeas@dropbox.com
Adrienne;Auton;aautonat@amazonaws.com
Marius;Gatecliff;mgatecliffau@umn.edu
Richmound;Crawforth;rcrawforthav@xrea.com
Sukey;Ivanov;sivanovaw@mapy.cz
Sutherland;Castri;scastriax@zdnet.com
Inga;Charteris;icharterisay@hao123.com
Doti;Klausen;dklausenaz@senate.gov
Brodie;Ebbens;bebbensb0@slashdot.org
Jakie;Bartolomieu;jbartolomieub1@economist.com
Otha;Farans;ofaransb2@behance.net
Franklin;Lofthouse;flofthouseb3@qq.com
Balduin;Wretham;bwrethamb4@tripadvisor.com
Tiebold;Hewson;thewsonb5@domainmarket.com
Inglebert;Coltman;icoltmanb6@nbcnews.com
Lamar;Euston;leustonb7@census.gov
Nicola;Batten;nbattenb8@t-online.de
Kingsley;Sherar;ksherarb9@behance.net
Odie;Linfield;olinfieldba@1und1.de
Juli;McCague;jmccaguebb@lycos.com
Gauthier;Lemmers;glemmersbc@ycombinator.com
Jarred;Bewlie;jbewliebd@sakura.ne.jp
Base;Gwillym;bgwillymbe@google.com.hk
Simeon;Binning;sbinningbf@addtoany.com
Abagael;Haughey;ahaugheybg@creativecommons.org
Mommy;Franc;mfrancbh@usa.gov
Lida;Gollop;lgollopbi@intel.com
Bethina;Jeannenet;bjeannenetbj@youtube.com
Dayna;Ivanishchev;divanishchevbk@dailymotion.com
Winna;Stithe;wstithebl@php.net
Dael;Jeannard;djeannardbm@xing.com
Cassi;Rohfsen;crohfsenbn@google.cn
Ceil;Chislett;cchislettbo@house.gov
Stephana;Paynes;spaynesbp@latimes.com
Vale;Screach;vscreachbq@devhub.com
Barbee;Gernier;bgernierbr@e-recht24.de
Nikola;Tysack;ntysackbs@istockphoto.com
Cindi;Keneforde;ckenefordebt@networkadvertising.org
Inger;Kilcoyne;ikilcoynebu@tinypic.com
Manny;Philimore;mphilimorebv@prnewswire.com
Elwin;Frisch;efrischbw@discovery.com
Mable;Zapata;mzapatabx@taobao.com
Berti;Coope;bcoopeby@fastcompany.com
Lancelot;Shurey;lshureybz@deliciousdays.com
Mireille;Asple;masplec0@hugedomains.com
Renaud;Zecchii;rzecchiic1@house.gov
Perla;Ansley;pansleyc2@yellowbook.com
Arlan;Biskupek;abiskupekc3@thetimes.co.uk
Cody;Welsh;cwelshc4@is.gd
Obediah;Dennitts;odennittsc5@furl.net
Willyt;Tatteshall;wtatteshallc6@plala.or.jp
Elana;Henriques;ehenriquesc7@i2i.jp
Brena;Weatherell;bweatherellc8@harvard.edu
Arlina;Laurant;alaurantc9@dailymail.co.uk
Adham;Kacheler;akachelerca@google.com.br
Emanuele;Falkus;efalkuscb@angelfire.com
Burg;Dundendale;bdundendalecc@ehow.com
Lou;Yanne;lyannecd@dailymotion.com
Kylie;Morrison;kmorrisonce@prweb.com
Charo;Schettini;cschettinicf@google.ru
Ginger;Gillott;ggillottcg@furl.net
Mil;Bazeley;mbazeleych@army.mil
Langston;Oxenham;loxenhamci@pinterest.com
Arty;Grogono;agrogonocj@ustream.tv
Parry;Roddan;proddanck@google.fr
Wandie;Olliff;wolliffcl@reference.com
Melvin;Osorio;mosoriocm@livejournal.com
Paola;Thonason;pthonasoncn@ft.com
Heall;Lauxmann;hlauxmannco@ovh.net
Guenna;Hampson;ghampsoncp@house.gov
Xylina;Schops;xschopscq@accuweather.com
Alden;McCory;amccorycr@mozilla.org
Constantina;Lorans;cloranscs@home.pl
Lanny;Jiles;ljilesct@123-reg.co.uk
Kendell;Bunting;kbuntingcu@weather.com
Edy;Witson;ewitsoncv@symantec.com
Hewie;Klesl;hkleslcw@canalblog.com
Etty;Cassius;ecassiuscx@ucsd.edu
Babb;Becket;bbecketcy@reddit.com
Judith;Gapper;jgappercz@ihg.com
Riobard;Rallinshaw;rrallinshawd0@i2i.jp
Glory;Dalyiel;gdalyield1@opensource.org
Silvana;O'Neill;soneilld2@wiley.com
Allianora;Soreau;asoreaud3@boston.com
Rosaleen;Saggs;rsaggsd4@oracle.com
Hedi;Rosenbloom;hrosenbloomd5@t-online.de
Stearn;Lestor;slestord6@joomla.org
Shell;Shaughnessy;sshaughnessyd7@51.la
Karolina;Olkowicz;kolkowiczd8@nsw.gov.au
Reuven;Trice;rtriced9@angelfire.com
Boone;Ducarne;bducarneda@facebook.com
Vic;Coller;vcollerdb@yandex.ru
Farleigh;O'Sirin;fosirindc@bandcamp.com
Auguste;MacQuist;amacquistdd@macromedia.com
Torey;Yakovitch;tyakovitchde@clickbank.net
Giustina;Isakovic;gisakovicdf@answers.com
Jonis;Pelham;jpelhamdg@altervista.org
Briney;Toun;btoundh@addthis.com
Lauren;Chawkley;lchawkleydi@indiatimes.com
Thomasin;Le land;tlelanddj@washingtonpost.com
Kevon;Gladtbach;kgladtbachdk@dion.ne.jp
Sheilakathryn;Borgars;sborgarsdl@arstechnica.com
Garth;Neiland;gneilanddm@indiatimes.com
Bonny;MacGaughy;bmacgaughydn@lycos.com
Walton;Masson;wmassondo@reuters.com
Dot;Merrgen;dmerrgendp@exblog.jp
Rawley;Elles;rellesdq@ask.com
Bette-ann;Wharram;bwharramdr@gov.uk
Lowrance;Jenyns;ljenynsds@lycos.com
Rufe;Daniello;rdaniellodt@wordpress.org
Cedric;Pantry;cpantrydu@is.gd
Norina;Smedmore;nsmedmoredv@blog.com
Bryana;Wales;bwalesdw@over-blog.com
Sissy;Doggett;sdoggettdx@rambler.ru
Crista;Mulvaney;cmulvaneydy@google.co.uk
Tatiana;Pickthorne;tpickthornedz@ihg.com
Findley;Fiddler;ffiddlere0@issuu.com
Chick;Hempshall;chempshalle1@gravatar.com
Yankee;Traher;ytrahere2@networkadvertising.org
Teodoor;Zumbusch;tzumbusche3@plala.or.jp
Andrey;Moehler;amoehlere4@washington.edu
Zebadiah;Mennear;zmenneare5@artisteer.com
Kissee;Limbourne;klimbournee6@washington.edu
Abagael;McIlhatton;amcilhattone7@uiuc.edu
Nikolia;Keam;nkeame8@examiner.com
Ricca;Shurey;rshureye9@mysql.com
Justina;Stampfer;jstampferea@hibu.com
Fergus;McCray;fmccrayeb@latimes.com
Ileane;McCurdy;imccurdyec@bloglovin.com
Hilarius;Boniface;hbonifaceed@shutterfly.com
Jeremiah;Barz;jbarzee@mozilla.com
Aila;Molloy;amolloyef@livejournal.com
Ramona;Deverille;rdeverilleeg@hao123.com
Roda;Fairnie;rfairnieeh@cornell.edu
Briant;Macallam;bmacallamei@imgur.com
Hagen;Gallaway;hgallawayej@psu.edu
Hertha;McGiffie;hmcgiffieek@cafepress.com
Hortensia;Bloodworth;hbloodworthel@amazon.co.jp
Bald;Aldersley;baldersleyem@constantcontact.com
Lianna;Fryer;lfryeren@cbslocal.com
Dalila;Mickleborough;dmickleborougheo@hibu.com
Tiler;Kobus;tkobusep@163.com
Marthena;Coulbeck;mcoulbeckeq@adobe.com
Saunders;Antonsson;santonssoner@odnoklassniki.ru
Maiga;Knotton;mknottones@delicious.com
Pryce;Gladtbach;pgladtbachet@accuweather.com
Ronda;Priddis;rpriddiseu@123-reg.co.uk
Karyl;Antonomolii;kantonomoliiev@ustream.tv
Lizette;Gerrie;lgerrieew@vkontakte.ru
Matias;Abeau;mabeauex@storify.com
Xaviera;Colclough;xcolcloughey@google.es
Carny;Furlow;cfurlowez@furl.net
Kimmi;Ajam;kajamf0@japanpost.jp
Morna;Mizzen;mmizzenf1@apple.com
Claresta;Di Giacomettino;cdigiacomettinof2@cyberchimps.com
Esmaria;Scollan;escollanf3@youtu.be
Lek;Trathan;ltrathanf4@example.com
Frederik;Hidderley;fhidderleyf5@mit.edu
Shandra;Stidworthy;sstidworthyf6@a8.net
Kial;Palke;kpalkef7@ucoz.com
Morganne;Drohane;mdrohanef8@diigo.com
Issie;Laise;ilaisef9@dmoz.org
Elora;Witherspoon;ewitherspoonfa@angelfire.com
Nadia;Vann;nvannfb@globo.com
Guillermo;Quilty;gquiltyfc@hp.com
Thoma;Piesold;tpiesoldfd@cafepress.com
Carin;Gilford;cgilfordfe@europa.eu
Reena;Perelli;rperelliff@sun.com
Cory;Seagrave;cseagravefg@ihg.com
Janetta;Geeves;jgeevesfh@nydailynews.com
Charlean;Chaplyn;cchaplynfi@intel.com
Templeton;Huck;thuckfj@wikispaces.com
Hanan;Birkinshaw;hbirkinshawfk@nifty.com
Kirsti;Creaven;kcreavenfl@netlog.com
Algernon;Eagger;aeaggerfm@sakura.ne.jp
Rubie;McKyrrelly;rmckyrrellyfn@forbes.com
Flinn;Scurman;fscurmanfo@google.ru
Lucille;Royans;lroyansfp@tamu.edu
Ronalda;Dugget;rduggetfq@etsy.com
Leonelle;Barkas;lbarkasfr@php.net
Mayor;Grove;mgrovefs@fastcompany.com
Idalina;Wallwork;iwallworkft@sina.com.cn
Heddie;Blagdon;hblagdonfu@friendfeed.com
Yettie;Goad;ygoadfv@ycombinator.com
Arman;Rodgers;arodgersfw@ebay.com
Marys;Beardshaw;mbeardshawfx@washington.edu
Jo-ann;Boarleyson;jboarleysonfy@amazon.de
Elmira;Topaz;etopazfz@examiner.com
Bab;Mepsted;bmepstedg0@independent.co.uk
Elbertina;Bantham;ebanthamg1@uol.com.br
Creighton;Sherebrook;csherebrookg2@blog.com
Dannie;Lumox;dlumoxg3@baidu.com
Morgen;Mettetal;mmettetalg4@pbs.org
Ollie;O'Gorman;oogormang5@deliciousdays.com
Cristian;Milkeham;cmilkehamg6@narod.ru
Shermie;Corp;scorpg7@cbc.ca
Emelina;Coopper;ecoopperg8@homestead.com
Ephrayim;Buttrey;ebuttreyg9@weather.com
Goddard;Woodyear;gwoodyearga@answers.com
Skelly;Comport;scomportgb@hp.com
Frieda;Woolrich;fwoolrichgc@google.pl
Daren;Jerrand;djerrandgd@taobao.com
Lacy;Tweede;ltweedege@va.gov
Sibel;Taplin;staplingf@xinhuanet.com
Kendra;Sprey;kspreygg@nytimes.com
Raimund;Elam;relamgh@princeton.edu
Julina;Hatcliffe;jhatcliffegi@creativecommons.org
Harland;Limpenny;hlimpennygj@phoca.cz
Arther;Hachette;ahachettegk@google.es
Robinet;Wimbury;rwimburygl@wikia.com
Eugenio;Kemmish;ekemmishgm@cnet.com
Aleece;McLellan;amclellangn@theatlantic.com
Eduardo;Beaze;ebeazego@wired.com
Timothea;Caghy;tcaghygp@mediafire.com
Angela;Hedworth;ahedworthgq@google.com.au
Deloria;Geraghty;dgeraghtygr@mtv.com
Hunfredo;Tesh;hteshgs@apache.org
Maye;Buard;mbuardgt@go.com
Bronson;Kall;bkallgu@about.com
Erma;Beane;ebeanegv@whitehouse.gov
Nissie;Lamball;nlamballgw@moonfruit.com
Bentlee;Gages;bgagesgx@barnesandnoble.com
Cesar;Bastable;cbastablegy@vimeo.com
Clerkclaude;Woodington;cwoodingtongz@thetimes.co.uk
Artemus;Robet;arobeth0@columbia.edu
Laureen;Turbayne;lturbayneh1@ow.ly
Geneva;Sandham;gsandhamh2@yahoo.co.jp
Alec;Dring;adringh3@bizjournals.com
Patricio;Cairns;pcairnsh4@twitpic.com
Grove;Deery;gdeeryh5@who.int
Emmy;Rudiger;erudigerh6@aol.com
Rosie;Tonn;rtonnh7@hatena.ne.jp
Ashil;Semrad;asemradh8@wikipedia.org
Guy;Lugden;glugdenh9@oakley.com
Brit;MacGuigan;bmacguiganha@oracle.com
Moina;Nuemann;mnuemannhb@latimes.com
Jarred;Emberton;jembertonhc@vk.com
Lorrie;Jessel;ljesselhd@irs.gov
Flora;Salack;fsalackhe@opensource.org
Dorine;Springle;dspringlehf@ameblo.jp
Delilah;Earingey;dearingeyhg@squidoo.com
Nikita;Opfer;nopferhh@live.com
Jeannie;Zanussii;jzanussiihi@ustream.tv
Constantine;Dalinder;cdalinderhj@google.cn
Tobit;de Guerre;tdeguerrehk@skype.com
Chick;Leipelt;cleipelthl@com.com
Carline;Marlon;cmarlonhm@domainmarket.com
Pate;Atmore;patmorehn@amazon.co.jp
Meyer;Chidzoy;mchidzoyho@microsoft.com
Anselma;Rubberts;arubbertshp@google.pl
Conroy;Treace;ctreacehq@desdev.cn
Mar;Manach;mmanachhr@blog.com
De witt;Fillan;dfillanhs@yandex.ru
Roda;Gaucher;rgaucherht@about.com
Gnni;Goodridge;ggoodridgehu@51.la
Truman;Carvil;tcarvilhv@photobucket.com
Krissie;Hradsky;khradskyhw@gnu.org
Ezequiel;Kirwan;ekirwanhx@sogou.com
Ernestine;Gration;egrationhy@cafepress.com
Karita;Harwell;kharwellhz@hugedomains.com
Millisent;Jackman;mjackmani0@sun.com
Wilma;Ferreo;wferreoi1@people.com.cn
Zebulon;Toffts;ztofftsi2@tumblr.com
Mira;Durston;mdurstoni3@diigo.com
Rudyard;Dykins;rdykinsi4@ft.com
Rolfe;Gerrell;rgerrelli5@printfriendly.com
Silvester;Quarterman;squartermani6@php.net
Glen;Padkin;gpadkini7@ovh.net
Cris;Jermy;cjermyi8@nba.com
Zita;Lyven;zlyveni9@un.org
Idalina;Henbury;ihenburyia@nydailynews.com
Vlad;Laxe;vlaxeib@ftc.gov
Alexina;Barff;abarffic@statcounter.com
Ezri;Lehrahan;elehrahanid@booking.com
Shermie;Donohoe;sdonohoeie@list-manage.com
Susann;Maro;smaroif@csmonitor.com
Philbert;Dainty;pdaintyig@toplist.cz
Jehu;Hellard;jhellardih@cmu.edu
Matthew;Yarnell;myarnellii@shutterfly.com
Elyssa;Ingraham;eingrahamij@dagondesign.com
Barth;Nickell;bnickellik@un.org
Vivienne;Pittock;vpittockil@tmall.com
Broderick;Purchase;bpurchaseim@arizona.edu
Freddi;Thurstance;fthurstancein@ox.ac.uk
Wain;Kitchingman;wkitchingmanio@mediafire.com
Xena;Plews;xplewsip@mail.ru
Breena;Welford;bwelfordiq@geocities.com
Leupold;Gribbins;lgribbinsir@state.gov
Oswald;Motte;omotteis@4shared.com
Arman;MacCardle;amaccardleit@foxnews.com
Malina;Deeprose;mdeeproseiu@walmart.com
Kaylyn;Creech;kcreechiv@ft.com
Jess;Claesens;jclaesensiw@techcrunch.com
Jacquette;Cattrell;jcattrellix@wp.com
Ignacio;Casetti;icasettiiy@free.fr
Gisele;Dawby;gdawbyiz@behance.net
Wallache;Morgon;wmorgonj0@sun.com
Tomkin;Folkard;tfolkardj1@mediafire.com
Crosby;Ilyasov;cilyasovj2@hugedomains.com
Marthe;McGreal;mmcgrealj3@qq.com
Danyelle;Hendriks;dhendriksj4@instagram.com
Ethelred;Maunders;emaundersj5@patch.com
Tildy;Gratrix;tgratrixj6@paypal.com
Lindon;Bysaker;lbysakerj7@google.ca
Andie;Mochan;amochanj8@cnbc.com
Stormie;Sauvage;ssauvagej9@dell.com
Nealy;Bannerman;nbannermanja@freewebs.com
Artemas;Blaker;ablakerjb@examiner.com
Glenden;McIlmorow;gmcilmorowjc@go.com
Richardo;Goggan;rgogganjd@nydailynews.com
Dominick;Bickerdike;dbickerdikeje@csmonitor.com
Harry;Stephens;hstephensjf@gravatar.com
Cortie;Hebson;chebsonjg@chicagotribune.com
Emanuele;Limeburn;elimeburnjh@java.com
Randy;Hertwell;rhertwellji@umn.edu
Jennilee;Scartifield;jscartifieldjj@google.it
Warren;Gromley;wgromleyjk@opensource.org
Court;Snalum;csnalumjl@bandcamp.com
Cherye;Himpson;chimpsonjm@gizmodo.com
Aryn;Neljes;aneljesjn@biglobe.ne.jp
Mercie;Broadey;mbroadeyjo@sbwire.com
Rodge;Cuff;rcuffjp@fastcompany.com
Astrix;Bridgens;abridgensjq@reddit.com
Halimeda;Annandale;hannandalejr@google.fr
Alic;Gowdridge;agowdridgejs@bbc.co.uk
Nowell;Golson;ngolsonjt@mysql.com
Fredrick;Bog;fbogju@skyrock.com
Audrey;Candwell;acandwelljv@unblog.fr
Taylor;Gambrell;tgambrelljw@cbsnews.com
Huntley;Raiker;hraikerjx@globo.com
Adan;Middler;amiddlerjy@quantcast.com
Derry;McDuall;dmcdualljz@comcast.net
Hendrik;Janusik;hjanusikk0@wordpress.org
Prince;Prayer;pprayerk1@si.edu
Harriott;McGibbon;hmcgibbonk2@devhub.com
Charlotta;Dudeney;cdudeneyk3@oaic.gov.au
Cletus;Kernar;ckernark4@ucla.edu
Debbie;Chiddy;dchiddyk5@seesaa.net
Joelly;Traill;jtraillk6@merriam-webster.com
Amaleta;Harfleet;aharfleetk7@barnesandnoble.com
Sophronia;Reggler;sregglerk8@topsy.com
Pavla;Gosney;pgosneyk9@google.cn
Cherise;Helian;chelianka@feedburner.com
Faustine;Tootal;ftootalkb@wikia.com
Norry;Trytsman;ntrytsmankc@japanpost.jp
Jilli;Whebell;jwhebellkd@123-reg.co.uk
Lia;Nicolson;lnicolsonke@ovh.net
Perl;Castano;pcastanokf@cafepress.com
Linnet;MacKaig;lmackaigkg@naver.com
Iseabal;Mongan;imongankh@symantec.com
Becca;Filyushkin;bfilyushkinki@biblegateway.com
Minni;Aylott;maylottkj@nytimes.com
Kris;Harwood;kharwoodkk@about.com
Hyacinthe;Killoran;hkillorankl@alibaba.com
Sheeree;Lorentzen;slorentzenkm@skype.com
Boothe;Tomaino;btomainokn@prweb.com
Boigie;Pitcaithly;bpitcaithlyko@rambler.ru
Saw;Kynaston;skynastonkp@about.com
Tandy;Ashtonhurst;tashtonhurstkq@g.co
Ilse;Riddington;iriddingtonkr@blogtalkradio.com
Guillemette;Vigne;gvigneks@ibm.com
Roy;Bariball;rbariballkt@miibeian.gov.cn
Griselda;Whitmarsh;gwhitmarshku@naver.com
Berthe;Rulf;brulfkv@vistaprint.com
Stanly;Forrest;sforrestkw@example.com
Nadean;Troup;ntroupkx@sohu.com
Craggie;Haizelden;chaizeldenky@nationalgeographic.com
Jobina;Guiness;jguinesskz@technorati.com
Ginni;Crolla;gcrollal0@abc.net.au
Langsdon;China;lchinal1@opera.com
Teri;Grogona;tgrogonal2@furl.net
Neale;Enric;nenricl3@google.nl
Claire;Sandbatch;csandbatchl4@weather.com
Jefferey;Lunt;jluntl5@engadget.com
Devy;Vela;dvelal6@thetimes.co.uk
Zea;Hugnot;zhugnotl7@examiner.com
Uriel;Hazeldean;uhazeldeanl8@bandcamp.com
Pace;Hairyes;phairyesl9@uol.com.br
Reynolds;Cooch;rcoochla@cdc.gov
Arlin;Biset;abisetlb@wikia.com
Corby;Kemson;ckemsonlc@nih.gov
Gilly;Woolcocks;gwoolcocksld@i2i.jp
Michelle;Marini;mmarinile@geocities.com
Sheba;Simeons;ssimeonslf@youtu.be
Dell;Vickerman;dvickermanlg@washingtonpost.com
Inga;Waistall;iwaistalllh@google.it
Carey;Wimp;cwimpli@symantec.com
Cornelius;Bridgens;cbridgenslj@ow.ly
Annamaria;Arnefield;aarnefieldlk@kickstarter.com
Delmar;Baroch;dbarochll@biglobe.ne.jp
Alford;Notton;anottonlm@nationalgeographic.com
Onfroi;Chung;ochungln@flavors.me
Patty;Lowrie;plowrielo@homestead.com
Graham;Mercey;gmerceylp@ucoz.ru
Blancha;Symson;bsymsonlq@gov.uk
Hinze;Davidi;hdavidilr@vimeo.com
Myrwyn;Lightfoot;mlightfootls@icq.com
Son;Silbert;ssilbertlt@linkedin.com
Cobby;Perotti;cperottilu@reference.com
Dacy;Goodwell;dgoodwelllv@dailymotion.com
Domeniga;Black;dblacklw@nydailynews.com
Tedi;Tern;tternlx@goo.ne.jp
Hildegarde;Derisley;hderisleyly@seattletimes.com
Kameko;Smiz;ksmizlz@yellowpages.com
Norry;O'Leary;nolearym0@etsy.com
Terrence;Pakenham;tpakenhamm1@liveinternet.ru
Rory;McGeraghty;rmcgeraghtym2@google.fr
Lind;Irvin;lirvinm3@reverbnation.com
Olga;Hardinge;ohardingem4@aol.com
Sylas;Hafner;shafnerm5@hugedomains.com
Agustin;Bramo;abramom6@eventbrite.com
Pippy;Alvarado;palvaradom7@prlog.org
Candy;McDonand;cmcdonandm8@mozilla.org
Florencia;Peizer;fpeizerm9@mapquest.com
Cory;Guerrero;cguerreroma@uol.com.br
Vinson;Duddan;vduddanmb@ucla.edu
Ferd;Wellfare;fwellfaremc@furl.net
Nikola;Masterman;nmastermanmd@samsung.com
Arlie;Ivshin;aivshinme@omniture.com
Frieda;Zambonini;fzamboninimf@washington.edu
Gusta;Dering;gderingmg@goo.ne.jp
Roderigo;Heathcoat;rheathcoatmh@desdev.cn
Conway;Magson;cmagsonmi@twitter.com
Milo;Bogace;mbogacemj@trellian.com
Rowan;Camerana;rcameranamk@imdb.com
Alonzo;McDaid;amcdaidml@google.cn
Ingamar;Vankov;ivankovmm@zdnet.com
Laetitia;Minkin;lminkinmn@xing.com
Alberto;Leas;aleasmo@nbcnews.com
Pansie;Baumer;pbaumermp@dailymail.co.uk
Chadd;Mowles;cmowlesmq@artisteer.com
Cathrine;Smiley;csmileymr@istockphoto.com
Rachele;O'Moylane;romoylanems@google.com.au
Eben;Radband;eradbandmt@mysql.com
Luci;Bicksteth;lbickstethmu@wiley.com
Hobey;Dufoure;hdufouremv@wunderground.com
Ody;Goor;ogoormw@prweb.com
Quintin;Langan;qlanganmx@godaddy.com
Nita;MacGarrity;nmacgarritymy@networkadvertising.org
Drucie;Richley;drichleymz@sohu.com
Polly;Polon;ppolonn0@ihg.com
Roderick;Winterbourne;rwinterbournen1@wiley.com
Bronnie;Maginn;bmaginnn2@ucla.edu
Lorry;Miguet;lmiguetn3@yahoo.co.jp
Merill;Denziloe;mdenziloen4@mozilla.com
Jennifer;Masic;jmasicn5@sakura.ne.jp
Hugibert;Timson;htimsonn6@mysql.com
Clementina;Bolesma;cbolesman7@census.gov
Lanie;Tytler;ltytlern8@engadget.com
Hobie;Mc Carroll;hmccarrolln9@columbia.edu
Jennee;Todd;jtoddna@kickstarter.com
Gualterio;Wainwright;gwainwrightnb@wired.com
Birch;Purrier;bpurriernc@kickstarter.com
Omar;Dows;odowsnd@guardian.co.uk
Dora;Klemt;dklemtne@tinypic.com
Jesus;Bellelli;jbellellinf@cam.ac.uk
Malachi;Spada;mspadang@ustream.tv
Lin;Blumfield;lblumfieldnh@google.es
Tobey;Crigin;tcriginni@a8.net
Samuele;McEvilly;smcevillynj@studiopress.com
Alvie;Ambroziak;aambroziaknk@4shared.com
Tiphanie;Hamsher;thamshernl@constantcontact.com
Avie;Bryers;abryersnm@google.com.br
Cobb;Phalip;cphalipnn@wikia.com
Della;Hartwell;dhartwellno@google.com.br
Demetri;Harly;dharlynp@yellowbook.com
Ab;Hampshaw;ahampshawnq@ft.com
Rhonda;Weeke;rweekenr@blinklist.com
Quent;Talloe;qtalloens@cornell.edu
Dory;Colnet;dcolnetnt@squidoo.com
Meghan;Chatteris;mchatterisnu@youku.com
Paulo;Depka;pdepkanv@google.de
Cly;Tieman;ctiemannw@pcworld.com
Fern;Bonnick;fbonnicknx@gnu.org
Joyann;Carnegy;jcarnegyny@cloudflare.com
Scarlett;Jobbing;sjobbingnz@cbslocal.com
Vonnie;Swalteridge;vswalteridgeo0@fema.gov
Ferris;Gossage;fgossageo1@youtube.com
Katuscha;Allsup;kallsupo2@dailymotion.com
Katlin;Greir;kgreiro3@zimbio.com
D'arcy;Curson;dcursono4@timesonline.co.uk
Laurie;Plose;lploseo5@lulu.com
Winnie;Croan;wcroano6@pen.io
Marsh;Starr;mstarro7@hubpages.com
Klarika;Kerford;kkerfordo8@scribd.com
Aubrie;Cargo;acargoo9@discuz.net
Damaris;Radband;dradbandoa@sohu.com
Joell;Creffeild;jcreffeildob@google.cn
Ardine;Ivanyushkin;aivanyushkinoc@irs.gov
Lazaro;Argente;largenteod@mapy.cz
Ricki;Newson;rnewsonoe@hhs.gov
Gay;Schimmang;gschimmangof@51.la
Ailey;Seaborne;aseaborneog@nbcnews.com
Angelia;Robjant;arobjantoh@howstuffworks.com
Maxie;Vater;mvateroi@dmoz.org
Melloney;Kaubisch;mkaubischoj@simplemachines.org
Germain;Bisset;gbissetok@mtv.com
Dawna;Senett;dsenettol@usa.gov
Tallie;Pellissier;tpellissierom@furl.net
Hinze;Elbourne;helbourneon@guardian.co.uk
Kelsey;Lovekin;klovekinoo@discovery.com
Callie;Gillcrist;cgillcristop@eventbrite.com
Cornie;Langabeer;clangabeeroq@people.com.cn
Beatrice;Sturge;bsturgeor@goo.ne.jp
Myranda;Seamarke;mseamarkeos@msu.edu
Peder;Gauson;pgausonot@wired.com
Dael;Normand;dnormandou@github.io
Skipper;Swancock;sswancockov@thetimes.co.uk
Jonathan;Judgkins;jjudgkinsow@independent.co.uk
Taber;Bearfoot;tbearfootox@kickstarter.com
Shelby;Clifft;sclifftoy@etsy.com
Casper;Cuell;ccuelloz@tuttocitta.it
Bendicty;Lind;blindp0@digg.com
Claybourne;Singyard;csingyardp1@spotify.com
Michel;Maddocks;mmaddocksp2@barnesandnoble.com
Norrie;Gatlin;ngatlinp3@reference.com
Kizzie;Thurnham;kthurnhamp4@cbsnews.com
Dasha;Zmitrovich;dzmitrovichp5@freewebs.com
Lishe;Capes;lcapesp6@myspace.com
Junie;Ismirnioglou;jismirniogloup7@mozilla.com
Friedrich;Paolino;fpaolinop8@bloglovin.com
Elke;Kubas;ekubasp9@tinyurl.com
Zorine;Cragg;zcraggpa@mashable.com
Flory;Auguste;faugustepb@a8.net
Fidole;Storrier;fstorrierpc@xrea.com
Nilson;Romeo;nromeopd@tripadvisor.com
Blair;Bartlam;bbartlampe@wp.com
Curtice;Rasmus;crasmuspf@arizona.edu
Libbi;Spurman;lspurmanpg@cnbc.com
Lorene;Roakes;lroakesph@theatlantic.com
Marianna;Reddoch;mreddochpi@sogou.com
Hogan;Hemphrey;hhemphreypj@chronoengine.com
Samara;Dellenbroker;sdellenbrokerpk@craigslist.org
Ira;Fazan;ifazanpl@hp.com
Elmer;Fulop;efuloppm@google.ca
Fin;Tresvina;ftresvinapn@webmd.com
Saloma;Assandri;sassandripo@free.fr
Tiphanie;Parradine;tparradinepp@epa.gov
Sylvan;Karczinski;skarczinskipq@friendfeed.com
Bevan;Swayland;bswaylandpr@myspace.com
Livvy;Prickett;lprickettps@cmu.edu
Carrie;Kimbly;ckimblypt@wordpress.org
Sanderson;Ivanyushin;sivanyushinpu@istockphoto.com
Tiphani;Umpleby;tumplebypv@exblog.jp
Norby;Pexton;npextonpw@boston.com
Gennie;Haliburton;ghaliburtonpx@woothemes.com
Bogey;Clemence;bclemencepy@woothemes.com
Viole;Bellinger;vbellingerpz@discuz.net
Garald;Ballance;gballanceq0@mayoclinic.com
Teddi;Morrad;tmorradq1@bandcamp.com
Salmon;Blankman;sblankmanq2@123-reg.co.uk
Bob;Brok;bbrokq3@sphinn.com
Paula;Beardwood;pbeardwoodq4@pagesperso-orange.fr
Nara;Vian;nvianq5@wunderground.com
Arlene;Gane;aganeq6@nyu.edu
Mignon;Gomes;mgomesq7@wufoo.com
Abbye;Dunthorn;adunthornq8@wired.com
Evelyn;Schrir;eschrirq9@edublogs.org
Leodora;Pepperd;lpepperdqa@prlog.org
Kinsley;Threadgold;kthreadgoldqb@purevolume.com
Keely;Beaudry;kbeaudryqc@gmpg.org
Meredith;Children;mchildrenqd@flickr.com
Wendeline;Tarver;wtarverqe@oaic.gov.au
Melinde;Pavlitschek;mpavlitschekqf@dagondesign.com
Roxane;Karpe;rkarpeqg@youku.com
Steffi;Foran;sforanqh@is.gd
Christina;Bryan;cbryanqi@howstuffworks.com
Rice;Lenz;rlenzqj@istockphoto.com
Wesley;Gascard;wgascardqk@miibeian.gov.cn
Dare;Bonus;dbonusql@state.tx.us
Collie;Vanin;cvaninqm@sina.com.cn
Jacobo;Volette;jvoletteqn@mapy.cz
Shae;Widdecombe;swiddecombeqo@desdev.cn
Waldon;Eccleston;wecclestonqp@cornell.edu
Francyne;Storcke;fstorckeqq@storify.com
Porter;Freddi;pfreddiqr@list-manage.com
Dannel;Spofforth;dspofforthqs@exblog.jp
Mariya;Pinor;mpinorqt@cornell.edu
Maynard;Vardey;mvardeyqu@rambler.ru
Agathe;Louedey;alouedeyqv@unicef.org
Derron;Wones;dwonesqw@cnbc.com
Glyn;Howcroft;ghowcroftqx@shinystat.com
Sarette;Abrami;sabramiqy@unicef.org
Marsh;Vodden;mvoddenqz@bandcamp.com
Franklin;Touhig;ftouhigr0@mozilla.org
Tyson;Aubery;tauberyr1@51.la
Amandi;Cumbers;acumbersr2@google.com.hk
Teirtza;Silbermann;tsilbermannr3@github.com
Louisa;Newhouse;lnewhouser4@ustream.tv
Dorothy;Boylin;dboylinr5@google.de
Skippie;Abdey;sabdeyr6@msu.edu
Joelynn;Hinken;jhinkenr7@wordpress.com
Huntley;Aspinal;haspinalr8@intel.com
Augusta;Baskwell;abaskwellr9@chicagotribune.com
Layney;Perrott;lperrottra@behance.net
Sharona;Dwelly;sdwellyrb@google.ca
Ginelle;Pettis;gpettisrc@mozilla.org
Adamo;Sexcey;asexceyrd@dell.com
Dulce;Sidney;dsidneyre@dion.ne.jp
Shawn;Chard;schardrf@joomla.org
Octavius;Creavin;ocreavinrg@360.cn
Russell;Hambrick;rhambrickrh@dyndns.org
Hurlee;Swyer;hswyerri@ted.com
Marge;Leman;mlemanrj@unc.edu
Stephani;Rayer;srayerrk@fda.gov
Giacobo;McAlinion;gmcalinionrl@acquirethisname.com
Florian;Hinchon;fhinchonrm@ed.gov
Hallie;Arsey;harseyrn@reference.com
Renaldo;Svanini;rsvaniniro@nhs.uk
Karie;Roux;krouxrp@indiatimes.com
Terence;Tinman;ttinmanrq@reuters.com
Hazlett;Telega;htelegarr@foxnews.com
